time,star,review
2022-05-24,4,官網的營業時間到凌晨兩點，但凌晨12：45前打電話已經無人接聽。若營業時間有調整或是超過最後點餐時間是否應做資訊更新
2022-05-22,4,好吃沒話說。不過無接觸點餐的系統難用，不如服務人員直接來點餐就好。還能請服務人員介紹菜單。有些菜哪些不想加或是東西會有多辣，這些是看我的IPhone 是看不出來的。如果是整間店都沒有外場，免服務費再來用無接觸點餐，不然內用還要用手機點餐失去上餐廳的意義了。雖然餐廳出發點是好的，不過上餐廳吃飯點餐服務也是一環。服務人員都很親切啦。建議還是優先以服務人員點餐，外帶用無接觸倒沒差。如果外帶沒收服務費的話。
2022-05-19,5,百吃不膩
2022-05-12,5,服務跟料理都很不錯喔
2022-05-12,1,缺德 外送外帶擠成一堆 讓大家等 明明就做不出來 賺黑心錢
2022-05-12,1,鮮蝦綠咖哩就算配飯還是好鹹喔 辣度還是2（還以為會很辣 完全沒有辣度可言 青木瓜涼拌照理要酸甜  也是死甜 最期待月亮蝦餅結果一般般 唉～
2022-05-12,1,綠咖喱太鹹 涼拌青木瓜不夠酸  希望可以調整一下 出菜前最好是自己在吃吃看
2022-04-26,5,當紅炸子雞其實就是椒麻雞+玉米筍 整體感不難吃但也沒有特別好吃。 平均消費一個人600-800左右
2022-04-26,2,非常少見有泰式料理開到凌晨，以價位來說整體餐點非常普通，香腸料理香料特別，可以嘗試；但蝦醬菜只有菜完全沒有蝦米，且出菜很慢，不知道是否是半夜的關係。
2022-04-26,5,"(由 Google 提供翻譯) 美味的食物，優惠的價格。喜歡這個地方。友好的員工。好食物  (原始評論) Great food, great prices. Loved this place. Friendly  staff. Great food"
2022-04-26,5,菜色多樣 服務親切 用餐環境乾淨 值得再次光顧
2022-04-26,5,服務很好，剛點完餐，就有急事要離開，立馬改外帶，服務人員很快就協助處理，並提供最適合的價格，感謝服務人員的協助
2022-04-26,4,(由 Google 提供翻譯) 好吃的泰式料理  (原始評論) 好吃的泰式料理
2022-04-26,5,這次點了沙拉、椰汁雞，搭配泰國米吃到飽，食物好吃，份量不小，用餐環境舒服，上菜快，服務人員親切
2022-03-26,5,菜色都很到味、很下飯，環境及氣氛好，服務員親切。
2022-03-26,1,非常泰真的好吃，但是這間店晚班的服務真的很無言，之前去是一個高高瘦瘦的男生 非常冷漠 這次去他不見了 換了一批人 問可否坐沙發位置 服務生回 痾抱歉沒辦法 是可以拒絕 但回答的態度一定要讓人這麼尷尬嗎？都還沒入座只是詢問又不是奧客坐下來都吃了要換位子  好了 坐下來點餐 女生服務生回任何問題也是讓人尷尬 要詢問他們問題感覺就是不要煩他們自己用無接觸點餐的態度但講出來的話是客氣的但態度不是 然後女生服務生一直點錯餐或聽不懂 後來跟一個男生討論 也是一樣講的話很客氣但口氣跟態度也是讓人尷尬 一整個只要要問他們問題都壓力很大 也讓人尷尬 感覺整間店的人都是用^_^這個表情在服務  最後好不容易捱過點餐跟服務結果用餐時，位子很近 多數客人還在用餐 他們清潔桌子用超大酒精槍噴 我一直看著酒精這樣飄過來 不是不能清潔 但看他們也沒在顧慮狂噴狂撒  說真的 瓦城跟NaraThai的服務好非常非常多 不是說多熱情 但至少態度是正常的 就不要說他們多數都是很溫暖的服務態度  3/15晚上是跟朋友慶祝我生日吃飯 這場尷尬真的讓我非常後悔來這家店吃
2022-03-26,3,跟瓦城同個集團 但只是把瓦城變高級後再把瓦城的菜單推過來賣 去的時間不是尖峰所以蠻安靜的 也因為不是尖峰服務生感覺比較散 但服務態度還是不錯的 菜其實也沒有難吃 但感覺沒啥誠意
2022-03-26,5,很久沒來吃了.還是很好吃。 謝謝招待。
2022-03-26,4,開了有近20年了吧，菜跟瓦城差不多，氣氛確好很多，偶爾消夜想吃泰國菜又小酌一下這裡真的很適合！
2022-03-26,5,(由 Google 提供翻譯) 服務非常好，他們很隨和。  (原始評論) The service is very good and they are accommodating.
2022-02-26,5,"(由 Google 提供翻譯) 在台北找到一家開著 Kate 的餐廳真的很棒，提供美味佳餚的獎勵積分。工作人員很友好，樂於助人。  (原始評論) Really great to find a restaurant that's open Kate in Taipei, bonus points for serving tasty stuff. Staff are friendly and helpful."
2022-02-26,5,進階版的瓦城，非常值得推薦
2022-02-26,2,"只差10天，台中SOGO1600元3個人吃得飽，好吃極了，就拿5倍卷優惠:月亮餅加魚500元回台北時再光顧，不料不口味差很多，漲價，份量少，2個人1570元還不太飽，更扯結帳拿優惠卷，未料帳單早印好，全原價算沒有優惠，拿優惠券收走，詢問下店員裝沒聽見，繼續刷卡，單點帳單也明細收走。我見麻煩，差200元多算了，本來要回家附近天母SOGO非常泰吃，因為天母SOGO1個月內訂無位,其實看訂位情況，大家就知道怎麼選擇，給2星算客氣了"
2022-02-26,5,(由 Google 提供翻譯) 很大  (原始評論) 很大
2022-02-26,4,(由 Google 提供翻譯) 泰菜就是要瓦城系列，好吃。  (原始評論) 泰菜就是要瓦城系列，好吃。
2022-02-26,5,過年拜拜完都會過來吃。口味獨特，料好紮實，雖然價位稍微高了一點，但是作為泰式料理還是相當及格。
2022-02-26,4,一般般的泰國菜，不錯吃但也無驚艷之處。
2022-02-26,4,(由 Google 提供翻譯) 像夜店  (原始評論) 像夜店
2022-01-26,1,111年1月9日(日)晚上用餐，餐點還是維持一樣的水準，但結帳時一個高高瘦瘦年輕戴眼鏡男服務生一直給我跳針。  我在桌上就有看到立在那邊的DM：「25倍振興加碼！異國美味FUN大回饋」，下面有一排字說明本活動適用好食券，使用數位的話要用數位標章，所以我去結帳前就已經開好數位標章了，而且結帳時也明確說我要用好食券也把手機放桌上開著數位標章。  結果這位男店員給我拿出台北通的QRCODE叫我掃，我也是傻眼，我也強調我是要用好食券，然後這男店員一直跳針說好食卷就是掃台北通這個??????  我就強調說我是要用好食券不是用台北通，且我說你們桌上就有DM說可以用好食券，結果這位男店員就看了他旁邊DM說這是其他瓦城餐廳的活動，不是他們的????????????????我也是傻眼???????  後來我說這明明可以用好食券，這位男店員就說要去問主管，也沒看到主管出來說明，而這位男店員出來後就說好食券用信用卡過卡以後就可以，結帳完也沒有給我活動折價券(月亮蝦餅跟檸檬魚那個500元)，當下覺得有夠賭爛，我想說算了就走了。  最讓我賭爛的是 1.這位男店員連放在桌上DM的活動都不知道??? 2.承1，就算不知道，他看了DM竟然說這不是非常泰的活動，當我瞎了??? 3.好食券跟台北通都分不清楚，怎可以讓他在櫃台結帳??? 4.去找完主管後，刷過我綁好食券的卡，現在都過了7天後，我去查我好食券回饋，根本沒用成好食券數位回饋，而且我這張信用卡是要用支付才有現金回饋，變成白刷這張卡。  BTW中間我媽上廁所出來，因為她有台北通饗購券所以有掃QRCODE折了500元，這是我在跟這位男店員再吵好食券中間時刷的。  我是三人吃了2115元用台北通先刷掉500元，刷卡付1615元。 強調我家就住旁邊，這家吃很久了，頻率一年兩次，餐點ok，用餐時服務還可以，只是結帳這邊跟連店裡活動都不知道覺得很好笑，代表員工訓練需加強，而且也害顧客損失信用卡現金回饋，雖然是沒多少錢。
2022-01-26,5,"(由 Google 提供翻譯) 美味的食物，熱情的服務。我經常和我的朋友來這裡吃飯。我真的很喜歡假小子髮型。  (原始評論) món ăn ngon,phục vụ nhiệt tình. Mình thường cùng bạn đến ăn ở đây. Và mình rất thích một chị cắt tóc kiểu tomboy."
2022-01-26,5,(由 Google 提供翻譯) 泰國小吃和啤酒的好地方。  (原始評論) Nice place for Thai snacks and beer.
2022-01-26,5,(由 Google 提供翻譯) 食物非常泰  (原始評論) 食物非常泰
2022-01-26,5,今日最早抵達的客人 約1230左右就到了。  目前只記得接電話凱文，服務我的主管短髮帥妹。  給五顆星原因  我輔助行動不便的媽媽在門口入座後，接著把大門外的輪椅收起來，主管協助詢問是否幫我收起來？ （貼心）  訂位時有告知會有輪椅，位置可能不能太擠，安排門口附近的四人桌，非常好出入，輪椅收納時剛好可放旁邊。（符合我需求）  從點餐介紹口條清晰，贈送新品甜點也介紹很詳細，因為太常去其它分店，所以，點餐也很迅速。  水杯裡的溫開水，主管不定時添加，不至於是空的，適當詢問今日口味上是否滿意，也沒有壓力感  點了一杯熱水果茶，因為太早到，吧台還沒準備好，也提早告知會比較晚上桌（有的店家是不主動告知，傻傻的等待）  復興店的辣度可能，師傅廚藝關係 比較不辣。 板橋大遠百每次告知小辣，上桌後吃了中辣以上。  如果餐點是80分，您服務100分（帥妹主管） 希望老闆幫你加薪喔～ 有機會再過去用餐，期待您再次服務 1／8中午再次消費，才知道她是經理
2022-01-26,3,漲價份量還縮水
2022-01-26,2,第一次點非常泰外帶，原本抱著期待但很失望。 綠咖哩要價250元，便當裡的菜都不錯，有一定的味道水準，但是主餐綠咖哩只吃到死鹹醬汁，真的鹹的很不舒服，綠咖哩除了鹹還有辣、甜都有很多種味道的。但是店家並沒有展現其他的味道出來，做成這樣死鹹整個很不好吃，而且超過200元的便當菜也很普通，沒有特別令人驚艷。只能說價格不符合價值。
2022-01-26,3,服務很好，價格不便宜但菜的份量很少（主料很少），感覺有點坑～
2021-12-26,2,上菜時沒有送上碗來給我們裝飯，告知店員後才給我們補上，送上帳單時服務員在帳單上點了兩下，讓我的感覺不是很好而且是點到有聲音的，前前後後也沒有做什麼服務所以服務費給的不是很甘願。聖誕節愉快希望能加強員工服務態度
2021-12-26,5,用餐的氣氛和環境很棒 服務生也很親切 啤酒買一送一很划算 料理也很有泰式風味，值得再吃
2021-12-26,5,老店跟老朋友喜歡來聚餐
2021-12-26,5,服務很親切！
2021-12-26,5,我愛泰國菜
2021-12-26,1,外送餐點有漏，說補送後會打電話通知也沒打，餐點都在外面放到冷掉了……
2021-12-26,5,餐點美味～服務態度佳
2021-12-26,4,博主推薦
2021-12-26,5,店長服務真好
2021-11-26,4,食物喜歡吃辣的人是福音，不敢吃辣的人較差，總之還是不錯吃滴
2021-11-26,4,幾年前吃的 空間很舒適
2021-11-26,4,很好吃 但菜的醬太濃了
2021-11-26,5,就愛非常泰
2021-11-26,5,服務佳
2021-11-26,5,蝦餅跟醬真的很搭
2021-11-26,3,用Ubereats訂購綠咖喱椰汁雞餐盒，晚餐等了45分鐘才送達就算了，非常泰離我家不過450公尺的距離，便當送來竟然是冷掉的，好失望
2021-10-26,5,餐好吃 服務親切
2021-10-26,4,蠻好吃 服務親切
2021-10-26,5,非常適合家庭聚餐的一間店 服務人員 料理都很有水準
2021-10-26,5,最愛他們家的青木瓜沙拉 超合我的胃口的拉
2021-10-26,5,非常喜歡蝦餅~~
2021-10-26,5,餐點都很好吃，營業時間到很晚，是夜間時刻想吃重口味的好選擇。
2021-10-26,4,東西好吃，出餐速度也快，美中不足的是桌邊關心用餐狀況太頻繁，感覺是沒交接好，不同的服務人員來問同樣的關心問題，已用餐到一半還接到櫃檯電話詢問我們是否已到餐廳，可能生意太好，容易發生這樣的事
2021-10-26,1,餐點等超久久的 拖時間說好幾分鐘等了20分
2021-10-26,5,已經造訪非常多次囉，服務人員也很好！ 菜色美味，不時還有活動！推薦給喜愛泰式料理的朋友！下次再去的話再補拍菜色
2021-10-26,5,好吃，可以再光顧！
2021-09-26,5,(由 Google 提供翻譯) 我好帥  (原始評論) 我好帅
2021-09-26,5,App點餐外帶有折扣，外頭下大雨，服務生很貼心送上車，謝謝您！
2021-09-26,1,(由 Google 提供翻譯) 非常慢  (原始評論) 非常慢
2021-08-26,5,在官網預約餐點 發現避開用餐時間取餐很順利 ， 餐點拿到都還是熱的 最愛咖哩雞跟涼拌青木瓜沙拉
2021-08-26,5,每一道都不讓人失望，曾經在這裡度過了美好夜晚
2021-08-26,5,推薦!!! 上班時間先下單 下班直接取餐 超方便!! 餐盒很好吃 也可以單點主餐回去加菜
2021-08-26,1,在ubereat訂餐，訂餐時間近2小時仍無法到餐，也無人接聽電話，覺得很誇張
2021-07-26,4,昨天中午從電話訂餐到現場取餐都覺得非常好，餐點份量和品質也都不錯，以防疫來說店家做的很確實，從櫃檯結帳到另一邊取餐，都很用心，非常泰非常不錯！
2021-07-26,5,一杯可樂感動
2021-07-26,5,第一次點瓦城的外帶 還不錯 份量比想像中多 口味也跟在店內吃到的一樣
2021-07-26,1,現在的品質真的很糟糕，整份嫩烤松阪豬切片不切斷的？疫情也會影響餐點品質？
2021-07-26,5,目前有提供線上預訂現場取餐的服務 可以吃到心心念念的瓦城餐點太開心了～ 松阪豬爽脆 椒麻雞又嫩又多汁 外帶完全不影響口感 下次還會點！
2021-07-26,1,點一個椰汁雞肉飯要等30分鐘，太誇張了，態度又很差
2021-06-26,5,(由 Google 提供翻譯) 好的  (原始評論) OK
2021-06-26,3,Uber訂三四次了 東西很好吃配菜都很不隨便光是吃的可以評五顆星 不過已經習慣如果五點要吃大概三點就要訂好餐的蝸牛速度
2021-06-26,5,感謝非常泰餐廳，給予熊貓外送員免費冰涼的可樂享用。 有你們真好
2021-06-26,2,疫情期間叫這間外送要三思 1140才備好餐
2021-06-26,1,網訂通知取餐還要雨中等廿多分，又搞不清楚是自取還是熊貓
2021-06-26,1,(由 Google 提供翻譯) 慢  (原始評論) 慢
2021-05-26,1,外送兩次等了一個多小時都被取消訂單 乾脆不要跟外送平台合作 反正也做不出來
2021-05-26,4,謝謝李小姐/店經理、中間的疏忽的狀況、親自送來熱呼呼的晚餐、讓我們期待的心情、從生氣變得愉快、辛苦了！
2021-05-26,4,好吃，每一道都很下飯，有養身紅藜飯，泰國米飯可選，肯定下次還要再來吃其他料理
2021-05-26,1,不好意思我一直以來。很喜歡你們家的料理。可是今天你們如果敢的下班不要收單。飯另外一邊還想別挖出來。酸辣湯快沒有湯了。
2021-05-26,5,喜歡這裡的用餐氣氛 雖然我不是很會吃辣 但滿喜歡這裡的美食
2021-05-26,5,食物好吃 氣氛好 很適合朋友聚會
2022-04-26,2,跟以前的非常泰差好多，菜量整個變少，又不夠熱，這價格實在不值，兩顆星給服務吧！以前常吃，以後不會來了。
2022-03-26,5,穩穩點：涼拌青木瓜、蝦醬空心菜、辣炒牛肉、月亮蝦餅 錢錢夠再點：酥炸軟殼蟹（好吃但貴貴，小份是兩隻小蟹，大份再多半隻） 不用特別點：檸檬魚（普通好吃，純粹基於非常泰有更好吃的選擇而不點這個）
2022-02-26,5,因服務人員服務品質真的超級超級好而特地上來給五星評價。 服務人員名稱：Sarah
2022-02-26,5,好吃美味 氣氛好
2022-02-26,4,彩色跟瓦城非常的像，口味也查不多，但第二次盛的泰國米煮的有點太軟，蒸魚蠻好吃，很多桌都有點，烤豬肉也好吃，酸辣海鮮湯好喝但料有點少，整餐三道菜+一道湯，含服務費共$1700多，有點小貴…
2022-02-26,3,服務品質，是好的。 口味  是道地泰式風味
2022-02-26,1,今晚除夕晚餐。服務人員沒有告知有「美味紅包來」的活動；使用振興券，也沒有提供「FUN大回饋」的券。這樣一個集團，這樣的服務，非常失望！
2022-02-26,4,點了十道菜的套餐，口味都不錯，尤其是酸辣海鮮湯，讓不吃辣的人都多吃了好幾碗。 餐點可以服務不行。 服務人員好幾個都態度不佳，一問三不知，向他們索要餐具好像是在為難他們一樣，讓人不是很舒服
2022-02-26,5,來了好幾次，怎麽吃都不會膩～ 由其是這道酸子辣汁炸鱸魚 真的很下飯 
2022-01-26,2,晚餐內用的時候沒什麼人，正在聊天的時候被提醒用餐時間已經到了，開始趕客人，明明現場一大堆位置還要一直趕一直趕，單點價格那麼高沒想到服務態度確實這樣，不會再來了
2022-01-26,5,"品質維持如一，每道菜值得細細品味 大概前後陸續來了6、7年了,吃完下次還會想再來光顧的一間餐廳！ 愛吃辣的人記得跟人員要一碟辣椒^^"
2022-01-26,5,"(由 Google 提供翻譯) 在我看來，台北最好的泰國餐廳。位於三越對面的Neo 19大樓內。涼爽的氛圍，非常高檔的音樂和美妙的音樂，讓這裡成為一個令人難忘的用餐場所。這些年來，我們在那裡吃過很多次，從來沒有失望過。咖哩特別好吃，比其他地方好多了。綠咖哩和紅咖哩同樣美味。比一般在台灣發現的更正宗，但仍然受到台灣人的影響。我去過泰國很多次，所以我很熟悉。靠窗的座位享有美景。如果您想吃泰國菜，該地區的絕佳選擇不會讓您失望。  (原始評論) In my opinion, best Thai restaurant in Taipei. Located in the Neo 19 building across from Mitsukoshi. Cool vibe, very upscale, and great music, make this a memorable place to eat.  We've eaten there many, many times over the years, and never been disappointed. The curries are especially delicious and a lot better than elsewhere. Green and red curry are equally great. More authentic than generally found in Taiwan, but still Taiwanese influenced. I've been to Thailand many times, so I'm quite familiar. Seats by the windows have nice views. Great choice in the area if you're in the mood for Thai food & you won't be disappointed."
2022-01-26,5,1/8 中午時段去吃 感受到員工非常友善的服務，用餐體驗很愉悅，食物也很美味，有機會一定會再訪
2022-01-26,4,平常都吃瓦城， 第一次吃非常泰， 吃起來味道蠻像的～ 口味也都有調整過， 很符合台灣人口味！ 表現中規中矩
2021-12-26,5,推薦 金錢蝦餅 好吃又離百貨公司很近 不過一樓入口位置標示不清楚 在外面繞了一圈才找到
2021-12-26,1,跟我們說沒有薑黃飯 但隔壁桌一點就有？ 不管消費型態如何 都要老實做説明吧？
2021-12-26,5,店裡看的出來客人滿桌 服務人員很忙碌，但都很親切，戴著口罩都可以看的出笑容，今天的菜都很好吃 泰式軟殼蟹 泰北一口香腸 檸檬清蒸魚 非常泰拼盤 鮮蝦粉絲煲，炸物都剛好不油， 不會過熟或焦掉 ，菜也不會過鹹味道很均衡，店內音樂很好聽， 很舒服享受的一晚 。
2021-12-26,5,環境佳、服務親切，味道很棒，值得推薦的店
2021-12-26,3,"可能為了要符合大眾口味， 味道都是點到為止, 但請服務生提供的生辣椒, 有調味成泰式味道很不錯"
2021-12-26,5,坦白說 比起一般泰式料理 真的算好吃的 這個位子用餐環境很好又方便 每道菜 都不錯 服務也比較貼心 給最高分
2021-12-26,5,菜色豐富很好吃，唯一小缺點是窗邊很難找到服務生
2021-12-26,4,雖然空間有點窄 食物中規中矩 泰北香腸蠻好吃特別的 算是泰式口味的台菜?
2021-11-26,4,餐廳舒服，當日還播著球賽，綠咖哩，蝦餅，打拋豬味道都不錯
2021-11-26,4,雖然點大份份量還是稍微嫌少，不過菜色多樣且不失泰式風味（不會變台式），喜歡炸軟蟹殼跟月亮蝦餅，摩摩喳喳吃起來也很用料實在，這裡靠窗座位的景很美，推薦可以來指定靠窗位子一覽市容
2021-11-26,3,表現中庸的台式泰國餐廳，不用等排隊是優點。
2021-11-26,5,五星好評，服務態度很好，這是非常重要！ 點選的餐點，因為一些意外而沒有送上來，最後店家願意讓我們取消，並贈送甜點 此店家處理事情的方式很棒，讚讚讚
2021-11-26,1,這是青木瓜條不是青木瓜絲吧 鳳梨炒飯也很雷⋯ 很久之前吃過非常泰，但這家真的很讓人失望
2021-10-26,4,東西好吃，服務好
2021-10-26,5,聚會還蠻推的
2021-10-26,5,整體感覺還不錯，東西也好吃
2021-10-26,5,最喜歡的就是 服務人員讓我們有賓客如歸的感覺
2021-10-26,5,月亮蝦餅真的是超強的 叫人怎麼能不愛呢
2021-10-26,1,吃過天母店後覺得不錯帶家人共6人來這吃，訂位後來發現竟然是長條型桌再看到整間有八成是空的，詢問服務員得知沒有其他位子都有人訂了，晚上6點到七點半用餐結束後還是八成空的位子，用餐過程服務員大多在前台聊天，訊問菜的份量竟然還要問後廚，用五倍卷結帳時還少給一張優惠卷；再要時主管得知後直接拿一疊說都給你，服務態度和質量簡直不能跟天母比⋯勸大家來neo19用餐要有心理準備～
2021-10-26,3,鹹
2021-10-26,4,餐廳氣氛輕鬆舒適又不失時尚fu，菜色種類多且開胃能滿足挑剔的味蕾。用餐尖峰時段享受親友暢談無拘束空間，坐在角落窗外沙發區服務員需額外步行前來回應，感謝
2021-10-26,3,熱食餐點都不錯 但甜點很失望 紫米太硬！ 嚼完第一口就不想吃第二口了 摩摩渣渣也是中等偏低 比較建議點椰香西米露（熱的）
2021-10-26,5,餐點美味，服務親切
2021-09-26,5,口味偏辣 價格中等 環境明亮舒適 泰式奶茶好喝
2021-09-26,5,點了鐵板海鮮 鱸魚 糖醋排骨 都非常好吃！
2021-08-26,5,在家工作期間最想吃大心了 結果有外送真的很方便 湯跟麵有分開放 拿到還很熱
2021-08-26,1,外帶品質沒有內用好 品質有待加強
2021-07-26,5,外帶免下車服務很方便
2021-07-26,5,（熊貓外送經驗）  點了兩人安心美味套餐加一份月亮蝦餅，份量很十足！  辣炒豬肉：如果本身不吃辣的話，會覺得蠻辣的喔！感覺是傳說中的不像打拋豬的打拋豬 非常下飯就是了！  紅咖哩什錦蔬果：有番茄、鳳梨丁、茄子丁等，咖喱味道整個蓋住蔬果味，所以不敢吃茄子的人可以試試看～  辣炒高麗菜：普通的炒高麗菜。覺得份量偏少  月亮蝦餅：內餡滿Q的～還不錯  回購率：90%
2021-07-26,5,"外帶1010湘的餐點回家,雖然稍微冷掉但還是很好吃，要讚賞一下他們調味都剛剛好,偏重口味但又不會過鹹。"
2021-07-26,5,外帶一樣好吃 !!!包裝很完善 店員也都有做好防疫措施
2021-07-26,5,"外帶自取很方便 櫃檯也有特別做零接觸的管制,吃的也很安心"
2021-07-26,2,餐盒非常不理想 跟內用品質差很多 飯硬、雞腿乾到咬不下 本以為是單一狀況 陸續訂了三次，一次比一次糟 不會再訂了
2021-06-26,4,雙人套餐分量剛剛好，打拋豬肉小辣很下飯 咖哩也好好吃
2021-05-26,5,朋友慶生約這裡，覺得很讚~月亮蝦餅好好吃，奶茶也很對我胃，氣氛又超Chill。
2021-05-26,5,靠窗的座位很舒適，可以看風景，也可以跟其他客人拉開距離。等疫情結束之後還會再光顧的!
2021-05-26,5,瓦城集團的連鎖店，口味與價格和瓦城差不多，但用料比瓦城大方，也不用排隊，cp值較高，已列入吃泰國菜的口袋名單。
2021-05-26,5,邊看外面信義區風景邊吃泰式料理還不錯。
2021-05-26,5,昨天帶老爸老媽吃母親節限定特餐，果然跟網路上說的一樣好吃到不行！
2021-05-26,5,泰式料理基本上都好吃~喜歡月亮蝦餅、炒飯、奶茶，另外烤松阪豬大推，是除了瓦城外的泰式料理選擇。
2022-05-25,5,好吃，每道菜都很下飯。疫情期間鼓勵大家利用非用餐巔峰時間到餐廳消費，人數安全又能讓經營者減輕成本負擔，
2022-05-19,4,可以出個不甜的飲料嗎…
2022-05-12,4,好吃的泰國料理餐廳，口味不會太辛辣，適合家庭、朋友聚餐，想吃重口味的道地泰國料理的話可能不是好的選擇。 份量與幾年前相比少了一些。泰式奶茶之前有糖漿可以調整口味，現在也沒有了。 價錢也偏貴，CP值普通。 月亮蝦餅、綠咖哩，和好市多買回來自己弄的口味差不多。 檸檬魚、打拋豬/牛 是每次來用餐必點的餐點。 整天用餐環境舒適，上菜速度與服務品質都很好！
2022-05-05,5,用餐環境佳服務態度佳，有次反應魚鱗沒處理好，店長連忙致歉立馬重新蒸煮一尾⋯ 已經說了不需要再重做⋯但店長還是重新出菜並致歉真的是廚房的疏忽⋯處理過程讓人感到被尊重，很推
2022-05-05,5,檸檬綠好喝
2022-05-05,2,外場說話技巧待加強，餐點好吃
2022-04-26,4,第一次用餐用餐時才發跟瓦城同集團，服務人員的態度、加水的頻率、服務的品質，都覺得很不錯。  疫情期間改成線上點餐也是不錯，這樣點起來也比較沒有壓力。  整體吃起來跟瓦城其實沒有差太多，不過口味上比瓦城淡了些。 蝦醬炒四季豆，偏鹹直接吃可能需要配水，不過蝦醬的味道蠻濃厚的。 金錢蝦餅，偏Q彈的口感，炸的也挺好的，不會太油，不過不會有太突出的記憶點。 蝦仁炒飯，這是我覺得CP值最差的一道，與其要點這道不如再點一道菜。 咖哩雞肉，口味很不錯，也有明顯的奶味，配飯吃很美味。 飲料，表現的還可以，檸檬偏酸，怕酸的建議要點半糖以上。 摩摩渣渣，整體蠻好吃的，我們點去冰，覺得有冰塊應該比較好吃  份量上就這價格真的是偏貴….. 偶爾嚐嚐還是可以的
2022-04-26,5,服務態度非常好，餐點也很好吃
2022-04-26,5,五人套餐萬不錯
2022-04-26,1,3/28 星期一晚上7:15，目視餐廳內約莫坐不到ㄧ半的客人，我們在門口準備進入被服務人員告知現在沒辦法接客，原因是廚房太忙來不及準備客人要點的菜色，我真的聽不懂這是什麼理由，這樣等級的餐廳在一個非週末的晚上，在一個坐不到一半人數的範圍內，說自己忙不過來所以現在不能夠接客，我是不知道這家老闆如果知道這樣的事情是作何感想，這樣子的服務品質跟精神打一顆星我都覺得給太多了。
2022-04-26,3,很多熱熱吃才好吃的菜，上桌的時候卻已經不熱了
2022-04-26,1,在Uber eats上訂的，點了飲料但是沒有收到，出貨之前請工作人員先檢查餐點是否都到齊好嗎，付了錢沒收到東西這種感覺很差
2022-04-26,5,蝦餅跟珍奶都好吃 可以加辣醬免費
2022-03-26,1,超級難吃，又貴，又鹹，非常失望 真懷疑怎麼還能生存在百貨公司內
2022-03-26,1,請問去用餐停車收費可以折抵嗎？ 折抵幾小時？ 要消費多少才可以折抵？ 我在這邊搜尋非常泰就已經是台北天母sogo店了⋯停車折抵問題，能直接回答嗎
2022-03-26,4,個人很愛泰式 絕對是排的上前面的
2022-03-26,5,口味重的料理總是深得我心
2022-03-26,2,1）用餐環境： 3/5，可。 走道有點窄，有些地方 要側身才能過。 整體看來， 乾淨。  2）餐廳人員：3/5。服務員 似乎很忙；水沒了，不會主動加。服務員 似乎 沒啥熱情 在那餐廳 上班。不過 一開始會 比較積極 介紹 店內如何點餐，哪些菜色已經沒有了等等。  3）菜：2/5。 今天點了 3菜一湯一飯。  薑黃飯， 大雷！ 米粒心沒熟透、飯上來時是溫的（快變成冷飯了）；淋上的薑黃汁，鹹鹹鹹。  蝦醬空心菜，平平。菜葉不夠嫩。  涼菜肉片，大雷！淋上的汁， 辣又死鹹。  綠咖哩雞肉，哈， 有很鹹， 幾乎都有感覺到 死鹹的程度了！  苦瓜肉丸湯，咦，有放鹽巴嗎？ 湯似白開水！ 是前面幾道菜 鹹過頭嗎？  4）整體來說， 餐廳 基本的美食味道， 可能 不會讓自己 會再想去用餐了。 今天用餐， 感覺 舌頭 不舒服。 可能 無法適應 重鹹的食物吧。
2022-03-26,4,泰式料理，交通方便，好吃環境優
2022-02-26,5,好吃的泰國菜，設計很時尚，服務很親切
2022-02-26,3,因為住附近，去了好幾次，但前兩天去用晚餐，不知道是不是因為客人算蠻多幾乎全滿，飯都是冷的還結塊，請一位女服務生幫我們重新換熱的飯，態度很好，但是重新再換過的飯還是偏冷，整個晚餐吃下來真的蠻失望的
2022-02-26,5,味道跟瓦城不太一樣，都很好吃
2022-02-26,5,(由 Google 提供翻譯) 總是在這裡吃了一頓美餐。食物很好而且令人滿意。  (原始評論) Always had a good meal here. Food is good and satisfying.
2022-02-26,5,即使客人很多很忙，服務人員還是保持著非常好的態度， 衝著這一點，值得給5分！
2022-02-26,4,氣氛佳，服務超好 美味。
2022-02-26,3,過年期間一些菜受到了限制(缺貨）感覺可惜了！
2022-02-26,2,(由 Google 提供翻譯) 過年期間，咖哩雞味道比較淡  (原始評論) 过年期间，咖喱鸡味道比较淡
2022-02-26,4,雖是泰式口味的餐廳，但口味已經接近台灣人清淡的喜好，美味可口很下飯。 記得先打電話預訂哦
2022-01-26,5,因為太餓所以顧著吃沒拍幾張 吃了5次以上了 口味很適合 服務人員也還不錯 會給建議 冬粉蝦煲味道有點變
2022-01-26,4,餐點還行~！ 服務人員態度很好~讚
2022-01-26,1,今天點了一道酸子辣汁炸鱸魚真的有夠爛，整條吃起來不只又乾又扁根本幾乎都沒肉，幾乎都吃不到肉，這樣一份賣498會不會太誇張，正常炸魚都很大快也很多肉，如果魚本身又小條品質又不很，根本不適合用炸的感覺根本沒吃到肉
2022-01-26,4,因在等待帶位時，門口服務員接了通2~3分鐘的電話，入座後點餐時卻被告知沒有魚。 請問，倘若服務人員無法即刻帶位，為何不先交由其他現場人員協助？ 生日聚會，自己介紹家人來此吃魚料理，卻沒有魚可以選，是該責怪拖延帶位？還是自己太晚來？
2022-01-26,4,餐點美味，服務良好。
2021-12-26,2,味道不算道地泰式口味 、酸辣海鮮湯湯頭也偏淡、每道菜和湯甚至摩摩扎扎裡面的料都不多 女服務員很認真勤勞、男服務員點餐介紹說的又急又快、請他重複還口氣不耐煩！ 結論：高島屋的晶湯匙完勝！
2021-12-26,4,味道食材沒問題 餐廳在百貨公司內 價格屬合理  很適合趕時間 或是商務客 上菜速度極快 沒有過多干擾  但是辣菜 辣度頗高 不能吃辣的要注意
2021-12-26,5,不錯吃
2021-12-26,5,全場無地雷都好吃！炸子雞稍微普通了點～但其他絕對對得起他的價格！
2021-12-26,2,四個人吃飯，點了四人套餐，上菜速度很快，快到桌子擺不下，用餐到中間只能喝上桌一陣子冷掉的湯，為了翻桌率，應該也不是如此上菜的。 菜沒上齊，沒有人主動發現，也沒有人主動詢問菜是否全到齊。看到比我們晚來用餐的隔壁桌，相同的菜都已經上桌，我們的餐點卻遲遲未上桌，在場的服務生依然沒有一句詢問的話。 舉手想找服務人員，因為坐在角落一直被忽略，詢問兩次之後才有人出面處理問題，第一次用餐感受很差。  翻閱先前的的評論，似乎早已有上菜速度問題，但今日體驗感覺未改善....
2021-12-26,5,每次來都不會失望，菜色水準保持，服務也不錯！
2021-12-26,5,好吃，服務超貼心，餐點有問題非常負責，更是超出預期的方式讓客人用餐很愉悅，謝謝
2021-12-26,5,有點偏辣
2021-12-26,5,到了飯點經過餐廳就進去吃⋯⋯ 兩人點了五道菜結果沒吃完～最後打包 服務態度好、味道還可以！
2021-12-26,3,疫情期間因為廣告外帶自取滿1000元85折 去外帶2000的餐點我們2大一小 點9道菜加兩碗飯加一個炒河粉應該不是人太多不夠吃！ 結果菜色外帶回家發現份量明顯少3分之一 ………然後店家還不承認
2021-12-26,5,服務很好 餐點好吃
2021-11-26,5,餐期比較難等 出餐速度快速 服務親切
2021-11-26,1,空間狹小、座位擁擠，環境氛圍不適合聚餐。  事前沒做好功課，不知道非常泰是瓦城旗下餐廳，不然我就直接去吃瓦城了。  座位區擁擠，就不說和鄰桌有多近，光是同桌都要縮著手臂吃飯才不會卡到彼此。 環顧四周座位，店家將四人桌硬是幾了5-6人，六人桌擠了8人，為了提升容客率，實在不恰當。  限制用餐時間90分鐘，但是上菜速度非常急迫，約50分鐘就把菜全上完，加上座位狹小，桌面頂多放得下四道菜，硬是逼著大家清盤，吃得很急迫。  以往在瓦城的體驗都很好，上菜順序也是沙拉優先，但在非常泰竟然是先上月亮蝦餅，溫的，還不是熱的，甚至連飯都還沒給我們。  當日用餐也不是接近休息時間，但上來的飯都是微溫的，只有第三次加點的飯真的是熱的。  服務素質也有待加強，不會主動倒水，用餐期間都是我們主動請服務生補水。 在上餐時看到桌上很滿，但有空盤，並不會主動收走，而是硬擠出個位置放菜，被動等待告知了才會收走空盤。  整體用餐感受很不好，既不能好好吃飯，也不能好好聊天，同樣的餐點，換個名字就提高價格，倒不如去吃瓦城還比較舒心。  惟有門口協助確認訂位的服務人員讓人感受好一點。
2021-11-26,5,(由 Google 提供翻譯) 好吃  (原始評論) 好吃
2021-11-26,2,又貴又普通，其實這比較像是台式料理加一點點泰式的味道。份量也都非常少。 說實在的會這麼貴，因為是瓦城集團的然後就是因為開在百貨公司裡面，所以就要這個價格。 但是如果是對於喜歡吃泰式料理的人，這間店就真的不推。
2021-10-26,4,"其實跟瓦城就差不多,畢竟就瓦城旗下的餐廳. 1.送餐速度普通 2.服務生補水的速度很快,也很親切有禮貌,這服務費給得很值得 3.事前點菜才推銷甜品,但事後已經吃飽服務生還來推銷,讓人有點強迫性購買,感受會較不好 4.餐點都很新鮮又好吃,雖然不便宜.........."
2021-10-26,3,中規中矩的泰國菜
2021-10-26,5,外帶動線順暢許多 有些線上訂餐沒有的餐點建議可在打電話詢問是否可以加點 外帶包裝用心 雖然增加一些包裝耗材 但整體外帶體驗相當不錯 期待下次有機會體驗內用服務
2021-10-26,4,(由 Google 提供翻譯) 好吃  (原始評論) 好吃
2021-10-26,5,經理的處理問題態度很好，我們已經大約一個月會去兩次，某一次遇到餐點有小狀況，經理立刻將單項菜重做，雖然我們說已經吃飽不用再給我們了，他還是把重做的外帶送給我們，並且訂單沒有收費（在客人沒有要求的情況下，經理自動處理） 算是小孩友善空間，地方也滿大的，桌子夠大可以點不少菜色 瓦城跟非常泰其實餐點都有一定水準，有時候不同師傅一點點不一樣，但都算滿好吃的
2021-10-26,5,位於天母sogo八樓的泰式料理 店內環境偏暗氛圍不錯 桌面蠻大的可以點很多道料理 旁邊的立著的小鍋是放兩種飯 可以選擇紅藜米或是泰國米 菜單上有畫辣椒表示辣度 有些能夠調整辣度有些不行 具體情況可以詢問服務人員~  以下是此次用餐的餐點： 蝦醬空心菜$200：份量蠻大的，搭配蝦醬一起炒，算是不會踩雷也沒有特別驚艷的一道料理，從名稱可以猜到味道 泰式沙嗲豬$260：總共有八串，沾旁邊的醬料還蠻好吃的 涼拌大薄片$280：最深刻的印象就是辣，然後吃起來普通，怕辣的朋友不建議 綠咖哩椰汁蝦$300：好吃！蝦子很鮮甜，咖哩的味道很濃厚，配飯一起吃很讚 泰北當紅炸子雞$350：醬料是酸酸甜甜的，很不錯，炸雞味道剛好 鐵板牛柳$320：放在鐵板上的洋蔥與牛柳，味道很不錯，是好吃的 椰漿西米露$90：送上來的時候看到滿滿的冰山，其實芋頭跟西米露在下面，拍照起來不太好看  整體來說味道算是一般人可以接受的，但不會讓人有眼前一亮的感覺，但吃一次體驗看看也算是不錯的經歷 小缺點：沒有置物籃，隨身包包不太方便
2021-09-26,4,1.服務ok，周到。 2.紅藜飯，紅藜的顏色沒有混入米飯，可以去研究淡水店瓦城做法。 3.最愛咖哩蝦，就是專程為了去吃，居然咖哩缺貨，很難想像大型連鎖且有股票(瓦城)上市的公司，居然會缺料，很難想像。 4.算是很常吃非常泰，這次很失望。
2021-09-26,5,疫情期間 假日用餐人潮不多 推薦： 1.月亮蝦餅（認真比外面好吃，純蝦泥口感很好） 2.烤松阪豬（搭配醬汁跟洛神花乾，味道很特別，也很解膩，肉本身也是很嫩很好吃） 3.薑黃飯（算人頭的 有3種飯可以選擇，薑黃飯味道很好，很搭）  整體都不錯，雖然價位不便宜，但口味很好，頂多幾個小缺點（青菜有點過鹹 、沙爹肉串烤太硬、甜點太甜了）其他都有水準之上
2021-09-26,5,喜歡酸辣菜色的人都可以來吃吃看喔
2021-08-26,4,疫情下的內用真的不推薦～可以疫情後再來
2021-08-26,4,疫情期間，餐點皆分裝後上桌，感覺份量變少很多，有些不划算
2021-08-26,4,可以一試。服務和環境都好！
2021-08-26,5,"(由 Google 提供翻譯) 今天通過 Oddle 訂購父親節的外賣。記住要讓你停在百貨公司的餐廳的工作人員叫醒你，因為他們可以為你提供 1 小時的免費停車。  即使在高峰時段，這裡的員工也會竭盡全力確保食物和服務都很棒。食物很美味，包裝很好，適合外賣。  由於店員發生了一些事故，因此有些菜餚無法提供。然而，工作人員很快做出反應並提供了很好的選擇。非常感謝您努力使這次體驗變得美好。  (原始評論) Order takeouts for Father’s Day through Oddle today. Remember to tall a staff from the restaurant that you park in the department store because they can get you 1 hour free parking.  Even during peak hours, the staffs here go above and beyond to make sure the food and services are excellent. Food is delicious and well-packed for takeouts.  Some of the dishes are not available because of a few accidents happened to the store staffs. However, the staffs quickly respond and offer wonderful alternatives. Many thanks for your endeavors to make this experience wonderful."
2021-05-26,1,東西好了是不會講一下嗎，等這麼久丟在架子上，店員沒嘴巴？
2021-05-26,5,服務親切、快速！菜品好吃
2022-05-12,3,主食套餐型餐廳，沒有經典泰菜可選擇
2022-05-12,3,(由 Google 提供翻譯) 一般般  (原始評論) 一般般
2022-04-26,1,(由 Google 提供翻譯) 前一天在 4 月 10 日星期六打電話給 4 月 11 日星期日中午外賣。我周日中午到達時意識到他們沒有接受我的訂單。作為家裡的inhabe客人，這非常令人沮喪。  (原始評論) Called on Sat April 10 one day before to order takeout for noon Sunday April 11.  I arrived at noon Sunday to realize they did not take my order.  It was extremely frustrating as inhabe guests at home.
2022-04-26,5,蝦醬空心菜真的很香，辣炒系列也是很棒，個人偏愛薑黃飯 超好吃
2022-04-26,5,服務態度佳
2022-04-26,5,很棒的用餐環境 東西也都很好吃 Howard服務員服務很棒 態度也很好 今天的用餐體驗超級棒
2022-03-26,2,服務變差，進來還要客人要水才有的喝，點菜系統用QR code很鳥，改單要服務人員改，還有晚上七點多菜就賣完了，收盤子也不打招呼，還要吃就收走，無力。
2022-03-26,5,還好早來有位置 有套餐都不用想 4人點下去 想吃的都有！
2022-03-26,1,當天用餐大家感覺都不好。 第一，飯的飯芯根本沒熟，叫了第二輪也是沒熟。 第二、菜都偏辣，所以一直喝水，但服務員也不是很積極來加水，有一次告知要加水後服務生就直接走掉了，我們還叫了一次。 第三、其實菜都可以，量也都夠，剛吃完的時候服務生就立刻來催要不要點甜點...以為是我的錯覺但大家都覺得服務生在趕人。 服務很sop，沒有熱情也不主動跟積極，有叫才有服務沒叫就少做點的感覺，所以我們吃一吃草草就離開了，雖說是連鎖的，但跟隔壁比較起來，相差就蠻多的了。 菜也就不評論了，心情不美麗也沒什麼想坐下來品嚐的。
2022-03-26,1,之前幾乎兩個月就來一次非常泰，這次來，完全嚇到，除了莫名其妙的無接觸點餐系統，第一次點餐用掃描系統，加點卻是跟服務人員點，那幹嘛用系統？ 而且系統關於口味選擇很少，以前來，都可以選擇醬汁另外放，選擇不吃辣的人也可以吃。但系統完全無法選擇，還必須問外場服務人員可不可以，但外場服務人員對於可不可以竟不知道，說必須去問一下（以前的外場對於每道菜色跟能否調整都非常熟悉，不用去內場問）另外，以前有小朋友一起用餐，服務人員會主動問是否需要肉鬆，現在完全沒有。 以前點了飲料，服務人員也會問飲料出餐時間，現在點完直接就上。 這次用餐經驗跟以前差太多了。我們已經考慮以後很長時間不會再來，會選其他店
2022-03-26,4,停車方便
2022-02-26,5,聚餐好地方，服務品質反映在價格上
2022-02-26,4,餐點還不錯吃
2022-02-26,5,綠咖哩跟打拋豬很好吃，菜都很入味，泰式帶點台式的口味，
2022-01-26,5,軟殼蟹非常好吃，小孩很喜歡！
2022-01-26,4,泰式料理餐廳，一樣有一定的水準!!
2022-01-26,5,東西好吃，服務親切。
2022-01-26,3,"上菜速度很快, 雖料理分量偏少但蠻好吃的, 店內的檸檬綠茶絕對是泰式料理的絕妙搭配! 有位胸牌名字為Linda的女侍者不知道是天生臭臉還是不喜歡她的工作, 從我們進場到離開她都非常珍惜她的微笑, 極盡提供她的白眼, 甚至在收取水杯加水時,直接將手指摳入杯內, 可能當天她真的非常不順心吧！其他服務同仁即便忙碌還是能和善且迅速的解決我們一群人打牙祭的瑣事"
2022-01-26,4,朋友聚餐，菜太多了，有點忘記菜名了，整體來說還不錯，因為聚餐很開心
2022-01-26,3,元旦下午前往用餐，外場服務人員及食物皆令人滿意。非常泰拼盤CP值不錯，一次可吃到三種料理：金錢蝦餅--外酥內嫩，蝦香濃郁。荷葉包雞--連同荷葉一起下鍋炸，皮脆肉不柴。小巧的泰式春卷也不錯吃。 紅咖哩什錦蔬果這道有讓我驚豔到，咖哩香中伴著濃郁的香茅香氣，鳳梨的酸甜稍稍緩解了辣度，拌飯吃超開胃，讓我忍不住多扒了一碗飯！  可惜的是負責點菜及結帳的女性店經理態度極差：  1.點菜的時候，我們詢問她是否可以提供兩種米飯？她不耐煩的回答那是要點兩種？我們以為每人要再多付一次45元的費用，當下便作罷。但後來隔壁桌客人點菜時問了同樣問題，其他服務人員建議他們兩種各半，接著送來了兩鍋米飯....這讓我們很傻眼！為什麽我們不行？？？幸好後來有其他服務人員的幫忙，我們才嘗到了薑黃飯的美味... 2.點了大薄片但沒有上菜，後來發現沒有寫在單子上，點菜過程顯然沒有專心聽。 3.因為第一次使用熊好券，不太知道怎麼使用，她也不說明一下怎麼使用，只叫我先站旁邊點掃QR CODE，以免影響後面客人結帳。  整體來講，外場服務人員及食物，我給五顆星。但因為這一女性店經理只能得到一顆星（本來一顆都不想給），所以（5+1）÷2=3顆星。  因為一個人，拉低了一家店的評分，可惜了.......
2022-01-26,2,菜色美味與服務人員的親切及貼心是值得給予五顆星評價。元旦晚上用餐，唯一美中不足的是點餐及結帳的一位女性經理，服務態度及談話用語極差，拉低原本該給的五顆星評價。
2022-01-26,5,讚
2022-01-26,5,很不錯的用餐環境，本次兩人用餐點了非常泰拼盤、涼拌中卷、綠咖哩椰汁雞肉。 開胃菜涼拌中卷真的很棒，但是怕辣的人請斟酌(要不然會跟我一樣一直抓頭XD ) 綠咖哩就沒有這麼辣，味道也都很棒 拼盤裡面內容有金錢蝦餅、泰式春捲、香葉包雞，也都是不錯的小點  原本很想在點月亮蝦餅，但兩個人真的吃不了這麼多，遺憾留給下次囉
2021-12-26,4,每人約 500～600 元間（不含酒精飲料），有用餐時間限制，上菜速度非常快。因為適合菜的概念，個人覺得最好還是３～４人以上來用餐比較能夠吃得多樣化．適合家庭或公司聚餐，現場有圓桌包廂．口味較重鹹，可搭配現場提供的薑黃飯或泰國米...
2021-12-26,5,在一樓，和朋友們來午餐，事前用Google訂位，快速又方便，餐廳環境，空間規劃，優雅高級。喜歡這裏的食物，有多樣豐富的選擇，服務貼心有禮貌。
2021-12-26,3,"11/20 訂不到 1010，改造訪許久沒去的「非常泰」。 1, 燈光比以前亮，很棒！ 2, 菜餚（3人套餐）仍有一定水準as before ，，，最後加點 軟殼蟹和薄片，軟殼蟹 好吃，但”薄片”感覺有一股腥味，只吃一口就不再夾。。。回家後問家人，他也說薄片不好吃，但不想浪費食物，，，仍與朋友吃完"
2021-11-26,5,今日用餐點了綠咖哩椰汁雞肉、蝦醬空心菜、辣炒牛肉、月亮蝦餅、苦瓜蝦丸湯。 每道菜都不錯吃，尤其是綠咖哩很香非常的下飯。飯有三種選擇，泰國米、薑黃和紅藜，續鍋時可以更換不同種類。
2021-11-26,5,餐點好吃，酒類選擇比瓦城多
2021-11-26,5,瓦城集團的品牌店，泰國菜好吃
2021-11-26,4,每樣菜都好好吃，可是忘了照相，我們吃的是8人套餐，有13道菜，還有飲料甜點，停車可停地下停車場，大人小孩都可來吃
2021-11-26,5,非常好吃，高級版的瓦城
2021-11-26,5,常來南港展覽，這次意外的發現這家，推
2021-11-26,1,這是一個250元的便當配菜？茄子？小黃瓜？ 連個高麗菜都沒有…而且與UBER上店家擺的配菜圖片有嚴重落差  這種惡質店家，全民譴責，祝早日倒閉
2021-11-26,5,好吃服務態度好
2021-10-26,5,餐廳入口不是很明顯需要特別留意一下，餐點及服務都很到位，多人套餐適合家庭聚餐！
2021-10-26,1,外送訂單漏單。  在Ubereat訂餐，從晚上八點等到十點，最後被單方面取消訂單，而你們早已關門。  沒有能量接單，就不要讓客人餓肚子空等。  沒有一句道歉，令人火大。
2021-10-26,5,餐點以及服務的品質 都屬於我的口袋名單前段水準
2021-10-26,5,餐點真的是非常好吃  服務人員素質也很高
2021-10-26,5,每道菜都好吃，環境舒適
2021-10-26,5,外送的餐點包裝很好，體會的到用心
2021-10-26,5,10月壽星聚餐 當月生日送摩摩渣渣喔
2021-09-26,5,好吃 服務好
2021-08-26,5,近期嘗試吃遍外帶餐點，聽朋友推薦所以點了非常泰來吃，外送來食物還是熱熱的~真的心情大好~ 我跟室友一起享用，不會覺得分量不夠也不會吃不完~~推薦推薦!!
2021-08-26,3,連鎖泰式料理餐廳
2021-07-26,5,瓦城+非常泰 外送餐盒  味道好吃 套餐划算 份量多 感覺雙人餐 三個人或四個人吃也ok 夠味！ 會寫上服務人員及廚師姓名及體溫  蠻用心的! 防疫到位
2021-07-26,5,雖然現在都改外帶 但口味還是一樣好吃 酸辣番茄松阪豬拉麵是最常點的 很喜歡大心的酸辣湯頭 會忍不住想喝光
2021-06-26,4,今天用UE點了5人組合餐，意外的滿意，而且有比之前內用還好吃的感覺 唯一美中不足是糖醋肉有點柴
2021-06-26,3,因疫情目前餐廳轉為三家：大心、瓦城、非常泰，外帶外送合併，昨晚訂單爆滿，也不會暫停某一家系統，持續接單又做不出來，導致員工們臉色不悅給餐點大力放桌上，外送&外帶客一堆人擠爆群聚店內，當然只有一位櫃台服務員保持專業良好態度+1（原本只想給一星）。訂單接不了就關閉其中之一的外送系統，硬要接又做不出來，現場一團亂，情況只能說槽糕，高層應重視一下。（6/21備註：當時我知道店家非常忙碌，所以也很耐心等待，沒有刻意催促餐點，業主回應表示有重視問題+1）
2021-06-26,5,好吃~~每次來吃都很滿意
2021-06-26,3,味道很好，可以選擇的菜色也很多，不像瓦城外帶很多菜都缺。但不知道是不是在做打折活動的關係，外帶的份量不多。建議可以改訂同集團的1010湘和時時香，份量非常充足!
2021-06-26,5,因疫情餐點外帶不失風味，服務人員非常禮貌親切
2021-05-26,5,今天來用餐 服務態度很好，推薦的菜我很喜歡！看到他們防疫做的很好 都會清潔消毒。
2021-05-26,1,到貴店取外送餐，一進門依照外送程序，向櫃檯服務人員報單號表明取外送餐。貴店人員告知說正在包裝我的餐點，等候約10分鐘後，發現後面較晚進來的外送員都拿走餐，我的外送餐依然沒出現。  並詢問貴店服務人員說我的餐正在包裝了，怎麼等有10分鐘，我的外送餐還是沒好？比我晚到外送員都拿到了。隨後我的餐就好了，但卻立馬收到店家負評。  這負評覺得拿得真的很無奈，這樣是否取貴店外送餐，遲遲未拿到餐點，都不能向貴店人員詢問狀況呢？
2022-05-19,1,這服務態度，跟餐點一樣有待加強 同品牌怎麼會跟信義區差這麼多
2022-05-12,4,蝦餅/檸檬魚/辣炒豬/高麗菜⋯都很棒 唯獨 今天泰國米太軟了 沒有粒粒分明 服務不錯喔！推推
2022-05-05,4,1.綠咖喱雞搭配泰國米（可以無限續）非常下飯，咖喱香，雞肉好吃。 2.咖喱雞菜單上是寫說不用剝殼，但上菜後看到還是要自己去頭去尾，個人建議點了咖哩就不用點咖喱蝦，順便說咖喱蝦是「紅咖喱」加上蛋，也是很下飯！但因為這樣我續了一次飯，太飽了！ 3.鳳梨蝦球很普通，金錢蝦餅大推，外皮酥脆內餡好吃。 4.辣炒高麗菜、蝦醬茄子及蝦醬四季豆都很下飯，我最喜歡辣炒高麗菜，因為蝦醬對我來說太臭了。 5.摩摩渣渣冰品是我覺得最好吃的  整體來說很不錯，適合重口味人，我應該不會回訪。
2022-05-05,5,服務貼心 防疫仔細
2022-04-26,2,今天去吃了蝦醬空心菜 ，空心菜太瓜了，BBQ松阪豬送來時 有點冷掉了，跟以前比起來真的差太多了
2022-04-26,2,為什麼要白飯都沒有台灣米了
2022-04-26,4,東西好吃！
2022-04-26,5,Asia 的服務真的是好到沒話說，她貼心的解決我的問題，我很在商家留言，特地來留言，希望貴公司給予你們的同仁鼓勵！
2022-04-26,1,五人吃飯給四人位置
2022-04-26,4,"不知為何瓦城集團又有其它泰式餐飲品牌 整體來說出菜非常之快速, 有單點也有套餐,點餐方式是線上QRCODE 長輩很不習慣,但現場其實也是有菜單可點的  今日三人點了雙人套餐 1480 再加點1湯1菜, 只可惜現場已沒有飯類  必點的菜色大致都點了 打拋豬 (一致好評必點) 月亮蝦餅 (表現正常) 檸檬清蒸魚(還不錯吃) 泰式奶茶 冰鎮檸檬香綠茶 綠咖哩椰汁雞(個人無法接受這椰奶的味道) 蝦醬空心菜(最不ok的一道) 酸辣海鮮湯 (表現平平) 椒麻雞 (最莫名的一道,玉黍薯比較像主菜)  人員比較少在桌邊, 但上菜確實挺快. 領班KATY服務很好,環境座位很舒適 但還是偏愛瓦城的口味"
2022-04-26,5,(由 Google 提供翻譯) 團隊和值班經理亞洲女士的優質服務 肯定會再次回來參加用餐聚會  (原始評論) Excellent service by the  team as well the duty manager Ms. Asia defiantly will  return again for the dining gathering 
2022-03-26,5,非常泰拼盤很推，補水可以更勤一點
2022-03-26,2,(由 Google 提供翻譯) 送超久，口味也不是很好吃  (原始評論) 送超久，口味也不是很好吃
2022-03-26,2,特別錯開尖峰時段，選在平日晚上到板橋大遠百店家庭聚餐，但特定服務人員態度非常差，除了態度冷漠讓人感受不舒服外，後來不僅將豬肉點成牛肉，連點餐時套餐外另外加點的兩道菜後來都發現沒被輸入，出錯率之高讓人傻眼，還好其他位服務人員服務還不錯，有及時解決出錯問題。另外同行有小孩可惜多道菜都不能客製辣度，如帶小孩需考慮一下。
2022-03-26,5,服務人員態度很好 滿分！
2022-03-26,5,和家人來此用餐數次，不僅用餐體驗極佳，櫃台經理Venus態度親切又貼心，真的超級五星級服務。 餐點美味獨特又下飯，甜點冰淇淋也十分清爽可口，非常和大家推薦來此用餐～
2022-03-26,1,只有一顆星，不能更少了 1.無接觸點餐非常難使用，售完的菜也不會先顯示，點完之後才顯示因為售完而無法加入購物車，就要再重點一次？？？ 2. 3/19週六中午才12點冬粉蝦、四季豆、蒼蠅頭就已經售完，食材都沒有先準備好嗎？？？ 3. 五倍券的用法在網站上誤導民眾，沒有寫清楚要透過APP換券，且下次「平日」才能使用，請在官網寫清楚使用方式很難嗎？？？
2022-03-26,4,蠻好吃的 但飲料是甜到有點受不了 泰式奶茶跟檸檬綠茶
2022-03-26,1,Steven 態度不佳 誠心建議接待換女生或者態度好一點的人比較好！ 餐點老樣子 雙人套餐比之前貴$60 然後涼拌海鮮換成月亮蝦餅了 有點失望
2022-03-26,4,涼拌青木瓜酸辣的非常夠勁 烤松阪豬真的很好吃 咖喱雞稍微差了點味道偏淡 摩摩渣渣好吃
2022-03-26,3,餐點口味偏重口，不想吃太鹹的朋友要注意
2022-03-26,4,位於板橋大遠百9樓，用餐空間寬敞。單點米飯為無限供應，有泰國米及薑黃飯兩種。上菜速度快，泰式料理屬種口味，道道下飯。
2022-03-26,1,"(由 Google 提供翻譯) 我提前 2 週預訂，但我們得到的桌子在外面，當我們進來時（5face_with_rolling_eyesface_with_rolling_eyessmiling_face_with_smiling_eyes40) they inform was what dishes are already out of stock  including fresh water spinach and inform you that you only hv 1-1/2hours to dine . then I ask the waiter we make a reservation earlier why we didn’t give a better place like the couch area -oh you need to mention that during your reservation . who know , we order a set menu for 4 which was quite reasonable price but the table was too small to put all the dishes at one time . The food is good similar to Thai town cuisine (瓦城) but the place is too cozy n you need to keep calling the waiter to removed empty plate so we can hv some space at the table to put other dishes , the last dish was serve at 6smiling_face_with_smiling_eyes:"
2022-02-26,4,口味都還不錯 檸檬魚酸得很夠味 松阪肉配蔬菜蠻清爽的 最喜歡薑黃飯 還點了兩個蝦醬青菜 但吃到最後覺得有點油膩 甜點摩摩喳渣甜度高 個人沒有很愛
2022-02-26,5,瓦城集團的泰式料理 很喜歡這間非常泰 每道菜的味道都很到位 特別很喜歡他們家的三色糖醋排骨 排骨炸得非常酥香 還有荔枝、鳳梨、彩椒解膩 荔枝、鳳梨超級多汁 吃起來酸酸甜甜的 超級喜歡  辣炒豬肉超級下飯 有了它可以多吃好幾碗飯  金錢蝦餅外皮炸得很酥脆 搭配提供的泰式醬 酸酸甜甜的很好吃 蝦醬高麗菜滿滿蝦醬香氣 泰式奶茶跟芒果汁都很濃郁好喝
2022-02-26,1,第一次到板橋大遠百，第一次到非常泰用餐…… 服務態度（非常差）每樣菜都是（辣辣辣）， 詢問菜色辣度可調嗎？來了3個人都說（不可以），那【瓦城】為什麼就可以客製化菜色呢？非常泰不是只是瓦城的旗下品牌嗎？？？ 心情真的很低落超差的，（想冰的喔）餐末服務員鼓吹點甜點，原本是抱著捧場的心情，豈料一桌子的垃圾（服務員說不用收誒）這家店的服務是怎樣啊？？非常生氣（令人怒氣衝天了）
2022-02-26,1,2/6號中午用餐，5大1小內用花了快4千，卻還是吃不飽，每一道菜份量給超少CP值太低，不值得再次消費，不推薦！
2022-02-26,1,在疫情蔓延時段，掃實聯制是正常的，但規定大人與小孩全部ㄧ定要每位掃實聯制，說是百貨公司規定，（但逛了整棟根本沒有一家如此要求，雖然詳細資料是好的，但覺得小孩這麼小）而且小孩根本沒手機，要求每一位小孩要留資料，也留了，大人實聯制掃了，結果根本也沒看，裡面座位很小也很擠，完全沒保持安全距離，身為一位男經理本身的態度跟服務也沒有笑容跟親切感，真讓人搖頭，裡面招牌菜機乎無法調整辣度，所以有攜帶小孩可能要思考一下
2022-02-26,1,打電話訂位 跟我說沒7人的位子 說有6人以下才有位子 我說那我訂5位 然後又換個人接電話 跟我說那天都沒有位子了 是有事嗎 有位子就有位子 沒有就沒有 是在耍人嗎？ 一家餐廳沒有基本的sop嗎
2022-02-26,3,價格70分、口味70分、服務80分、 菜太鹹了 可惜。 薑黃飯沒拌好、看到白飯。
2022-02-26,4,今天頻頻送錯菜 第一道因為我們沒發現所以店家說招待 但後來還是送錯 我們直接說你送錯了 說明用餐一個半小時 但是白飯一直不來 光吃菜真的也是滿鹹的 過年期間上班可能也是很累辛苦你們了
2022-01-26,4,蝦餅 蝦滋圈ㄧ直都是我的最愛 今天外送點了新品芝麻酥蝦餅，吐司上面只有薄薄一層蝦肉，真的吃不出是蝦餅，感覺只吃到炸吐司 另外涼伴海鮮的量比在大遠百吃要少 下次還是不要叫外送
2022-01-26,4,(由 Google 提供翻譯) 就是非常泰  (原始評論) 就是非常泰
2022-01-26,1,"服務太度非常差，態度冷默，未吃飯飲料全上，桌子小5人坐根本沒位子放菜，最後打包飲料和飯菜，居然叫我們自己裝紙袋？？？我有付一成服務費不是嗎？？連結帳時跟櫃台反應，居然無動於衷！！！ 從次不會再去, 爛爆了！！"
2022-01-26,4,松阪豬蠻特別的 其他以這個價位來說中規中矩
2022-01-26,5,環境一般，整潔度可以，服務算不錯啦～價格我是可以接受，口味也不差。
2022-01-26,1,服務真的有待加強，感覺服務生只顧把自己手上的事做完就好，完全沒在顧慮客人的感受
2022-01-26,1,結帳時間到要先買單我們都理解 但要客人放下筷子排在結帳機前這麼久 難道不會先視結帳速度再請客人過去嗎？ 吃到一半被叫去結帳又要排這麼久 真的不懂請這麼多位員工要做什麼
2022-01-26,4,雖然內用常需要排隊等候，但食物味道都很不錯，服務人員也都很有禮貌的一間餐廳，蠻適合家人朋友聚餐
2022-01-26,3,第一次來用餐，餐點雖不是非常地道，但服務態度還是不錯的。當天用餐感受還不錯。
2022-01-26,1,下午1:30左右播電話過去詢問下午三點是否能訂位，結果對方說要我們去現場看現場情況，說我們現在就可以可以過去。 結果到現場大概兩點多左右，在櫃檯帶位的人員卻說下午五點以後才開始是用餐時段。 那中間有休息時間為什麼不直接在電話裡面說清楚呢？是覺得我們客人這樣白跑很好玩？ 要不是一定要給星，我連一顆星都不想給。 雖然沒有入場消費，但是這樣的一開始的體驗就讓我以後也不會想再去了。
2021-12-26,3,(由 Google 提供翻譯) 普普  (原始評論) 普普
2021-12-26,5,餐點美味，服務很好
2021-12-26,1,第一次來這裡吃飯！點餐服務生說話幾乎聽不到！咖哩雞的份量少成這樣！咖哩汁在哪…不到一半魚口味普普 還吃到魚鱗！鳳梨蝦球8隻蝦 315元..ㄜ…甜點 最失望的！什錦水果冰，石榴紅寶石不是水果，吃起來黏黏的。贈送的甜點甜到爆表！！摩摩喳喳喳直接忘記加椰奶！！後面反應給服務生，說要再給一碗..但是我們都吃飽了！連明細都打錯..明明3人給我們算4人…總結體驗不佳！！！
2021-12-26,4,蝦醬所有青菜都可以點！好吃 如果不敢吃太辣可以在點餐前先跟服務員告知會幫忙處理！ 人很多需排隊建議先訂位  整體不錯 推薦給各位！
2021-12-26,4,點了雙人套餐 雞肉綠咖喱/鮮蝦涼拌/打拋豬/青菜 都頗辣 但泰式奶茶100分  整體算好吃（去過泰國兩次）不是完全泰國調味 還是台灣人喜歡的風格但是有辣度！ 能吃辣再去！
2021-12-26,5,同事聚餐，點了套餐，每道菜都很好吃，合胃口
2021-11-26,5,好吃 美味 服務佳
2021-11-26,1,服務態度差 員工加強訓練 有一個叫我Amy 買單 一直跟男服務員聊天 讓我們等候多時 不知道是上班還是約會 給ㄧ星已經仁慈了
2021-11-26,4,以泰式料理而言，中規中矩，好吃，但沒有記憶點。服務則還可以。
2021-11-26,3,"20天內平日中午聚餐吃了兩次，但服務態度冷淡被動,與瓦城差很多，都是同個集團怎會有如此落差？"
2021-11-26,3,吃起來很普通 當天去 一堆菜賣完 才中午….
2021-11-26,1,10/25內用時，詢問除夕當天晚餐何時開始訂位，店內男服務人員問過同事後回覆：11/03 1500 開放訂位，在1400的訂位，三點要訂位時，沒想到一位穿西裝的先生堅持只能打電話訂，現場不開放… 請問貴公司的員工教育訓練是發生什麼問題呢？ 如果不能現場訂，幹嘛騙說可以？去了又不給訂…..
2021-11-26,2,用餐體驗普通 服務人員待加強 點完餐 上了兩道菜之後 才說有一道菜沒了
2021-11-26,1,不能給0顆不然給0顆，禮貌性詢問是否可以不要座路口處位子，結果聽到服務生說「不要給他換」 一進門的接待非常之不悅！「10/23領檯先生」  建議：如是路口座位請先告知，不是等了40分鐘後安排這樣，至少消費者能選擇
2021-11-26,5,東西好吃也量多，現在是可以使用五倍卷的期間，愛吃蒸魚的朋友可以將好食卷用在這。 但想要把套餐換餐以為有撿到便宜的，請別太奧客。
2021-10-26,4,月亮蝦餅厚薄適中，熱熱吃很好吃。 空心菜可以做不辣，雖然還是有一點點的辣，不過不錯了。辣炒豬肉很下飯，不過份量有點少。整體不錯，餐點做的很快，不過份量可以再多一點。然後白飯希望可以早點給。
2021-10-26,5,我們4人點套餐剛剛好，有飽到 出菜速度蠻快的，而且飯食有三種可以選擇 我個人偏好薑黃飯，不過不知道是不是薑黃飯太好吃，顯得香米飯一點都沒香氣 套餐餐點都很好吃。個人覺得酸辣海鮮湯辣度不夠其他都很不錯
2021-10-26,3,結帳並未主動給折價卷，也未主動詢問停車折抵～服務主動性待加強！
2021-10-26,4,• 單點 - 月亮蝦餅 $350 - BBQ嫩烤松板豬 $395 - 辣炒空心菜 $200 - 涼拌海鮮什蔬 $350 - 摩摩喳喳 $100 - 冰鎮檸檬香綠茶 $120 - • 內用服務費10% - • 歡迎追蹤我的IG: hdes93404lg
2021-10-26,1,辣炒豬只有酒味 蝦醬空心菜根本苦瓜 酸辣湯像飲料（有夠甜） 泰式炒河粉有菜圃？（還以為是台式） 蝦餅還可以啦（好像是瓦城的） 吃來吃去只有泰國米好吃！  好飽…
2021-10-26,1,有夠難吃 omgomgomg
2021-10-26,5,周末遠百購物 餓了隨機進去吃午餐，點了二人份主廚推薦看上去普通的家常料理一入囗就輪陷的味道酸辣可口很開胃、飲料口感香醇好喝。下次會再來用餐。
2021-09-26,1,真的難吃到下次不會來了，鹹的要洗腎...
2021-08-26,2,點foodpanda外送  太甜不辣可能是比較冷的關係，甜得很膩 湯裡有一條捲曲毛髮
2021-08-26,1,今日於FOODPANDA APP點餐，餐點延遲1個半小時送達，醬料撒出，金錢蝦餅冷掉，明顯放置過久，還有油耗味。若不能接單，請不要接，服務跟食物超級差。
2021-05-26,3,綠咖哩椰汁雞肉~鮮嫩雞腿肉切片  及泰國特產的綠咖哩烹調而成  超級下飯啦~  整體來說餐點沒有太大問題，  但服務人員需要再加油！  不是很積極，會靠在工作台聊天或發呆⋯。
2021-05-26,1,5/9星期天晚上去大遠百9樓吃泰國料理，4位大人三個小孩用餐，吃飯時候中途我太太覺得肚子很不舒服，）我們點：咖哩牛、蝦餅、空心菜、鐵板牛、沙爹雞、摩摩咋咋、飲料）用完餐後回家我的小還子說肚子疼半夜發燒，隔天星期一早上我也拉肚子，我的小舅小孩也拉肚子，我們有打電話去詢問，結果貴公司說要查清楚再回電話也都沒有消息，我到現在還在拉肚子，2個小孩子也發燒症狀。有2大2小都有此現象，請問貴公司的處理態度是這樣子的嗎？！我想申訴也找不到管道給貴公司，是否門市業者想掩蓋事實嗎？！現在我還忍住肚子痛，小孩子哭鬧，都沒人可以處理這件事情，我覺得很失望！希望貴公司給我一個合理交代清楚。
2021-05-26,3,還不錯，可以吃的飽！感覺有進步比之前到訪的好吃多了。
2021-05-26,1,服務員的態度不好甚至應對的口氣很差，這不應是服務業該有的態度，口味也只是普通，餐廳的選摟還很多，這是間感受度差也很不推薦的餐廳
2021-05-26,5,覺得很夠味 很下飯 但就是蝦很多 過敏人士要注意
2021-05-26,4,(由 Google 提供翻譯) 蒸過的檸檬魚太酸了，空間很狹窄。 BuBu ChaCha很好。  (原始評論) The steamed lemon fish was too sour and space is crampy.  BuBu ChaCha was good.
2021-05-26,1,員工態度非常差，排隊了半小時，坐在旁邊座位等候區第一個，結果時間到，直接比他面前排一排，我直接變最後一個，這個方式真讓人感到不可思議，當下不只我，其他人也抗議！這家再也不來！
2022-05-21,5,第一次來用餐覺得口味還不錯，點了雙人套餐份量很多，餐點口味較重但是很香很下飯，泰奶雖然喝起來比較像一般奶茶，但還是好喝的
2022-05-19,5,非常泰算是滿常光顧的愛店了 跟瓦城比起來是口味較重的 但不是指比較鹹哦 會覺得夠酸夠辣很過癮的那種 這次有點了些平常較少吃的菜色  菜色部分 當紅炸子雞， 皮酥脆肉軟嫩酸酸辣辣非常下飯 每次必點  涼拌海鮮， 酸辣清爽非常開胃  泰味茄子， 有炒豆瓣鹹度恰到好處 很適合想克服吃茄子的人  金錢蝦餅， 他們家的梅醬不像其他的很死甜 所以我比較喜歡 但我覺得還是偏甜 所以我都會加一點涼拌海鮮或炸子雞的汁調味 沾起來就非常好吃了  蟹肉玉米湯， 這道就比較可惜 整個湯味道不夠濃郁 而且蟹肉帶有一些漂白水的味道 很像是泡水解凍？  檸檬氣泡， 很濃又不會很酸 雖然不能調整但甜度的比例很完美
2022-05-12,5,同行有人不吃牛肉 但上餐後我們才發現 當時誤點了辣炒牛肉  服務生得知後 願意無償幫我們替換為辣炒豬肉  非常大氣、貼心的店家
2022-04-26,4,瓦城口味已經跟以前不一樣了 味道變差很鹹，非常泰比現在的瓦城好吃 口味很像以前的瓦城 還會想再來試試其他菜色
2022-04-26,4,品質穩定好吃⋯⋯ 蝦醬豆、月亮蝦餅和甜品都很推喔
2022-04-26,4,2022.04.03  甜點很棒～～～ 涼拌也好吃  綠咖哩 松阪豬也讚
2022-03-26,5,瓦城集團旗下特色泰式餐廳，大部分餐點跟瓦城品牌類似，但也有加一些不一樣的特色菜，餐食品質一致，都非常好吃。 可惜用餐時，在桌面上發現小蟑螂，填寫問券反映相關狀況，隔幾日接到該店主管電話，除了道歉並表示加強餐廳衛生，後續服務態度讓人讚賞。
2022-03-26,5,(由 Google 提供翻譯) 非常菜  (原始評論) 非常菜
2022-03-26,5,推薦拼盤、綠咖哩海鮮。
2022-03-26,5,每道菜都很下飯口味不會太重 米食有三種米可以選：泰國香米、紅藜米、薑黃米 米飯的部分比較濕一些，沒有粒粒分明的感覺 摩摩渣渣和平時吃到的味道不太一樣，個人口味稍微不合 服務態度非常好！上菜速度快
2022-03-26,1,第一次來店用餐 窗邊的環境也太可怕…. 非常不重視環境的整潔 影響用餐心情、食慾
2022-02-26,5,食物非常好吃。量都不多，四個人一起吃很剛好。月亮蝦餅，玉米濃湯，水果茶等，點的菜，都非常好吃。價位不低。
2022-02-26,5,服務超棒，餐點美味，讚
2022-02-26,4,雙人套餐~好吃、但很可惜辣度不能調 ，覺得太辣~冰甜點摩摩喳喳非常有特色
2022-02-26,3,鮮蝦冬粉煲的鮮蝦似乎有點不夠貼心，整支並未撥殼，檸檬魚也是一般般
2022-02-26,3,看起來還是瓦城比較好吃
2022-02-26,3,跟瓦城同集團 菜單內容整體裝潢跟瓦城幾乎一模一樣， 這間吃了兩次，口味覺得不如瓦城， 服務是不錯。但….下次還是吃瓦城就好了。
2022-02-26,4,"薑黃飯意外的好吃 反而是抱著期待的心點的蝦湯 口味很是貧乏 只有酸味 ,隔壁棚的好喝太多了"
2022-02-26,3,設施：尚可；服務：尚可；整潔：尚可；食物：尚可。
2022-02-26,1,以前很喜歡 泰式料理 好幾家餐廳都是包括這間也吃好幾次 太扯了 過年 期間來吃 真的沒吃過這麼雷的 這菜色跟上個月來吃的差太多了吧 蝦醬空心菜 超沒味道沒醬汁 金錢蝦餅 來一個不知道什麼的 蝦餅 綠咖喱汁 也少到不行…. 辣炒牛肉 也跟以前不一樣 …
2022-02-26,1,有夠難吃 過年不要來 真的 很難吃 平常不錯 過年超雷
2022-02-26,1,(由 Google 提供翻譯) 唉～  (原始評論) 唉～
2022-02-26,4,"泰國米真好吃，甜點令人驚艷，檸檬魚酸的好，菜均不會粉辣，但份量不大，若多人用餐可考慮點多人餐，今日單點菜人均＄600,小資只能慶生時來！"
2022-01-26,5,很久沒來吃了口味都一樣很好吃沒有變！
2022-01-26,5,綠咖哩不錯，大薄片口味重
2022-01-26,5,家庭聚餐 假日的上餐速度快 餐點好吃
2022-01-26,5,吃了好幾次瓦X集團相關餐廳，非常泰倒是第一次吃，真心覺得已完勝其他泰式料理餐廳！不論服務品質及餐點水準，都滿分 米飯有三種可以選擇（泰國香米、紅藜麥、薑黃飯），可無限續加，且自由選擇口味，挺特別的～但吃來吃去還是泰國香米最好吃月亮蝦餅也酥脆彈牙，淋上特製的梅子蜜汁醬料，真是絕配！ 這裡的「打拋系列」，菜單名稱有別於其他同業，例如我們點的「辣炒牛肉」，料理的工法和香料，跟平常吃到的打拋牛肉相似，十分下飯的一道料理！ 總結，我們這次用餐是2位成人，起初擔心吃不下，所以沒有選擇雙人套餐，但單點會有種空虛感，而且結帳時發現跟雙人套餐的價格差不多（反而套餐的菜色相對豐富一點），下次回訪時會毫不猶豫直接點套餐 對了！熱的摩摩喳喳超推！料很多，可能需要2個人share～非常適合出現在飯後的一道甜品
2022-01-26,3,雖然跟瓦城同集團，但我覺得瓦城比較好吃
2022-01-26,5,必點涼拌青木瓜絲！辣炒系列也是必吃項目！
2022-01-26,5,口味蠻不錯來客不少，老婆不吃辣也都能接受這邊的料理辣度，用料實在
2022-01-26,1,服務態度不佳
2022-01-26,5,泰式料理的味道比較道地。
2022-01-26,4,菜色還好，但感覺沒同系列的瓦城及時時香美味
2022-01-26,5,不愧為是瓦城名下，就是讚，要說瓦城跟非常泰差在哪應該是綠咖哩，來一定要給他點下去。
2021-12-26,5,(由 Google 提供翻譯) 辣炒牛肉 好吃  (原始評論) 辣炒牛肉 好吃
2021-12-26,5,平日台中也那麼多人，很多人都愛吃美食，喜歡吃健康+美味的泰式料理。
2021-12-26,1,兩邊都是紅藜米！右邊是第一次送來的 左邊是第二次加點的 ！ 左邊有一種說不上來的味道 看起來就是放很久的飯  把你們服務人員叫來問 這個是紅藜米嗎？為什麼不一樣顏色？ 還回覆說 ：是的 紅藜米沒錯 只是（左邊）放比較久所以這個顏色  ㄜ Ok…所以是新鮮的沒了 ？快關店了所以沒別的飯了？ 還是不會請我們改吃別種米嗎？ 重點是這種飯還敢端上桌給客人！！ 我跟先生都傻眼 @@  下次不會再光臨 真是糟糕！花了快2千這種品質 我連一顆星都不想給
2021-12-26,4,不要每次來遠百都吃鼎泰豐，這間泰式餐廳也是很好選擇哦！瓦城集團旗下泰式品牌，持HAPPY GO卡單點可打95折～
2021-12-26,1,遠百非常泰，我已經吃了7年，餐點越改越不喜歡，12/8中午用餐，真的很失望  鮮蝦冬粉褒，自從加了豬肉片，多了肉味和油膩感，冬粉吃兩口後，油膩感蓋過鮮蝦味，膩口  非常泰拼盤，金錢蝦餅，油膩、不酥脆，夾起後，感覺軟爛，盤子上很多油，放上衛生紙吸油，天阿，完全好失望阿  春捲，內餡軟爛，外表油膩，內餡沒有以前的脆脆口感  醉仙牛肉，牛肉條柴硬，超失敗  沒有再提供台灣米，很不能接受 一開始，從泰國米和台灣米，後來加上藜麥米、薑黃米，價錢35漲45  搞多種選擇，增加成本，最後刪了最初的台灣米，台灣的米比泰國好吃太多了，好吃到，每次2個人來吃，點很多菜，最後，吃不完時，厚臉皮請服務生打包菜，也要打包飯  我理解物價高漲，餐點漲價，最不能接受喜歡的餐點走味
2021-12-26,4,軟殼蟹調味非常棒，但沒有蟹味， 其他都很好吃，非常下飯， 女生服務員服務親切， 男生的服務員態度不是很ok， 詢問有什麼平日午間特餐， 說沒有轉頭就走？？
2021-12-26,5,月亮蝦餅外皮酥脆內餡彈牙，酸辣海鮮湯的酸辣鮮度及味道非常夠味。涼拌鮮蔬、辣炒牛肉、蝦醬四季豆根本就是基本必點的下飯配菜啊！ 還好飯量無限供應，非常適合有飯桶等級食量的饕客大快朵頤一番  外場服務品質也很有相當的水準～！  唯一可惜的是，今天沒有沙嗲（必點）
2021-12-26,5,每道菜都很下飯！ 覺得三個人吃兩人套餐就蠻夠的了 有三種米可以選：泰國香米.紅藜米.薑黃米 個人覺得香米有點煮到太黏，沒有粒粒分明的感覺。 薑黃米是單吃就鹹鹹的蠻好吃的。 紅藜米單吃也很香，上網查了聽說膳食纖維是地瓜的1.7倍很營養喔！
2021-11-26,5,味道夠泰味，服務周到，是享受泰味的好地方
2021-11-26,5,料理好吃、服務人員接待不錯、環境乾淨明亮、交通便利、價位中等、上菜速度不錯，值得推薦。
2021-11-26,5,(由 Google 提供翻譯) 好吃！  (原始評論) 好吃！
2021-11-26,4,#泰國香米～有3種米可以選擇，每種米各有不同的味道，今天選擇泰國香米，吃起來澱粉量低，粒粒分明入口清香好吃。 #綠椰汁咖喱雞～特殊的香料加上椰子的香氣，淋在飯上特別的下飯。 #辣炒牛肉～紅色的蕃茄配上牛肉，辣味還適中，鹹度可，配飯剛剛好。 #檸檬清蒸魚～檸檬的清香特製的醬汁酸酸辣辣的跟魚肉搭在一起真是絕配，讓人忍不住一口接一口，多吃一碗飯。 #蝦醬高麗菜～蝦醬炒高麗菜襯托出菜的清甜，蝦醬真是泰式料理的好幫手。 #泰式奶茶～奶茶獨特的香氣好喝。 #磨磨喳喳～五彩繽紛的料，椰奶的香氣，不愧是經典甜點。 用餐環境舒適明亮，三五好友聚會、家庭聚餐適合。在瓦城集團中偏向中高價格，以環境、菜色反服務，餐廳位在台中大遠百11樓，這樣子還算合理。
2021-10-26,4,3種米，泰國茉莉香米、薑黃米、紅藜麥米，這次吃泰國米跟紅藜麥米，每人45元，可以續飯，個人比較推泰國米Q彈香，紅藜麥比較一般！蝦醬炒空心菜有入味微辣，不錯吃，揶汁炒牛肉揶汁可拌飯，牛肉比較乾，月亮蝦餅口感紮實，檸檬魚有入味，魚肉比較綿！
2021-10-26,4,口味菜單跟瓦城都蠻像的 但辣的部分比較算是微微辣 整體來說還是很好吃的 下次想吃辣一點  咖喱雞 炒河粉 炒高麗菜 糖醋排骨
2021-10-26,5,塞車塞了一個多小時，店員親切，慶生餐好吃，很滿意的餐廳『。
2021-10-26,1,真的退步很多….喝到泰式奶茶；我一度懷疑我味覺有問題，今天喝完夜市的泰式奶茶；我只能說非常泰真的退步了…  還有米飯的部分；每次端上來的也應該檢查一下；軟爛黏牙的米飯的口感跟以前的差太多了…  以前的爽口料理不見了…我想廚師應該是心情不爽吧！
2021-10-26,1,初次造訪感受極差！自己漏餐還一副客人的問題，斜眼不斷。月亮蝦餅一份$350的高價，外觀明顯是擺過品嚐後也是冷的。點餐時備註的事項到送餐時完全被遺忘，向店員提了又一副客人問題，這些事項點餐時你們人員不都還確認過了嗎？！到底是有沒有在用心？收一成服務費，服務卻是完全被動，白飯、餐巾紙沒了全都要主動告知，整個餐期完全沒服務人員提供主動詢問及服務（明明外場就持續有服務人員走動），連水杯空了也不會有人上前詢問，此分店實在是我們吃過該集團裡最令人傻眼的服務及餐點品質！
2021-10-26,5,不知道是不是我錯覺我覺得非常泰比瓦城好吃耶 青菜也比較有蝦醬味
2021-09-26,4,辣炒牛肉不會太辣 很下飯  涼拌海鮮什蔬又酸又辣 不太推  泰北一口香腸孜然味很重  辣炒高麗菜好吃不會太辣  BBQ嫩烤松阪豬超薄 搭配的醬也不太搭 單吃附贈的洛神花 當蜜餞吃還不錯  綠咖哩椰汁雞肉椰奶味蠻重的  泰式奶茶適合超級無敵螞蟻 非常甜  原本以為疫情期間應該可以馬上入座 結果好像因為座位空格拉大 座位有減少 還是先預約才不用等
2021-09-26,4,菜有點鹹
2021-09-26,4,味道夠，但有點貴！！
2021-09-26,1,入坐等了15分鍾才遞菜單來，而且還是我們提醒才給，n開頭的副理精神欠佳，愛理不理的，結賬已交待要載具，結果還是印出來，以後不會考慮來這了。
2021-09-26,4,- 月亮蝦餅 泰式炒河粉（推）  雙人套餐 ·綠咖哩椰汁雞肉 ·涼拌海鮮（味道很夠） ·辣炒牛肉（稍鹹） ·蝦醬空心菜（份量很有誠意，友人覺得稍辣， 我個人覺得剛好） ·泰式奶茶（喜歡） ·芋香黑糯米（個人覺得太甜） // 服務一般，出菜算快 每道菜我們都說謝謝 不過感覺上菜的人心情不太美麗
2021-09-26,5,東西好吃！服務態度很好
2021-09-26,4,整體上都蠻好吃的，蠻像之前去泰國吃的 但吃飯氣氛就很一般般 音質超差的音響跟超不搭的音樂 希望能換一下，音樂跟音響都是
2021-09-26,5,疫情期間用餐店家採取梅花坐 整體餐點味道都不錯 服務也很好 值得二訪的店
2021-08-26,2,使用熊貓外送 結果找不到地方備註辣度 也沒想到來的菜會這麼辣......雖然說是泰式但是對於平常有在吃辣的人來說都覺得太辣了
2021-08-26,1,菜色還行 接待的服務人員講話很兇， 上菜很大力， 完全沒有這種餐廳該有的服務水準， 介紹菜色的時候根本聽不清楚在說什麼， 雖然最後還是有很好的服務人員 （感謝那位綁馬尾戴眼鏡的服務人員讓整個用餐不愉快的感覺有好一點）， 但是前半段遇到的服務太令人失望， 真的給不了好的評價。
2021-08-26,4,整體水準之上 泰式茄子不錯 單點飯可無限續 炒河粉不推 沒有提供水
2021-08-26,5,疫情期間用餐感受非常好又覺得安全
2021-08-26,5,這次點了咖哩雞(微微辣)、松阪豬、月亮蝦餅都很好吃；因為肉煮得比較嫩，而且有些附上的調味是酸酸甜甜的，所以小小孩也很捧場的吃了很多。 有提供兒童椅、兒童餐具。聽到我們說某個調味的酸甜小黃瓜很好吃，服務生就主動告知還能再續，真的非常貼心 現在因為疫情關係，所有的菜都幫我們分成兩盤，看起來沒那麼美味比較可惜。也希望以後菜色能再多一些。
2021-08-26,4,(由 Google 提供翻譯) 改良型泰菜  (原始評論) 改良型泰菜
2021-08-26,5,用餐環境佳，進場量額溫，服務人員態度親切。
2021-06-26,1,之前就已去非常泰用餐非常多次 4/23 和朋友到此店用餐 感覺非常差，而始作俑者就是男店長本人（外表胖胖穿西裝） 讓我娓娓道出真相 用餐時 當上第一道及第二道 金錢蝦餅 和 蝦醬高麗菜時 我和友人就覺得今天的餐點品質不ok 2道菜都非常油，金錢蝦餅油到盤子底部都是油，高麗菜像泡過油桶起來給客人吃的感覺 跟店員反應說菜過油，已經不是平常的水準 男胖胖店長態度傲慢囂張的過來說 「依他看菜都沒問題，品質跟平常ㄧ樣，這次就算了，會重作給我們！」 當下黑人問號這什麼爛態度 什麼叫做這次就算了？還睜眼說瞎話 說菜品質跟平常一樣 之後上第三道荷葉雞 好險當下有拍下此照為證 試問，焦黑成這樣能吃嗎？ 但因為男店長先前態度極差 此道荷葉雞就想說算了 我們就去櫃臺結帳，結完帳付完錢 友人拿著炸焦的雞肉照片，客氣的跟店長說 今天的品質真的不如以往 荷葉雞如此焦黑和硬 我們也沒有要退錢，只是善意提醒 男店長態度敷衍連看都不看照片（也沒有要改進解決的意思） 隨便應付「喔喔喔」 就這樣！這就是他的回應！！ 友人講完轉身時，男店長的態度無禮又囂張的瞪我朋友的背影和上下打量 真的覺得請到他當店長 是你們公司最大的損失 他根本沒有要解決事情 是在幫你們公司惹事 第一次看過這種人也可以當店長？ 奉勸各位 要去該店吃飯時請三思 尤其男店長傲慢態度 令人不舒服到極致 一顆星都不想給  補充 我姓趙 我是女生 應該是趙小姐 不是你這邊沒誠意亂回的 「陳先生」 叫我「陳先生」這靈感不知道你們哪來的？ 我也從沒接到貴公司打來的道歉電話 不要再說謊了 丟人現眼
2021-05-26,5,口味特別
2021-05-26,1,價錢與瓦城差不多， 但口味卻差很多，相當糟糕 完全不會想再來
2021-05-26,4,口味適中，價位中上
2021-05-26,5,(由 Google 提供翻譯) 吃光光Y(^_^)Y  (原始評論) 吃光光Y(^_^)Y
2021-05-26,4,好吃，但點菜要有技巧，否則就會花費高又浪費。
2021-05-26,1,服務態度很差，正在用餐，服務人員突然整個靠近餐桌，我們問發生什麼事，她就斜眼瞪人，這是服務業應該有的態度嗎？
2021-05-26,5,超酷的體驗，沒有吃過瓦城的餐廳，不過從進門口開始就覺得非常親切跟注意客人安全，還會提醒客人小心台階，及醬料用法。而且服務人員的專業感也是很夠的。整個沉浸感太強來不及拍照，月亮蝦餅真的好好吃和梅子醬配一起的的味道超好。我是禮拜日去的人超多，不過人很多人員還能迅速的服務覺得很驚訝～環境也非常整潔，不過唯一缺點是工作人員端食物的道路和客人走路的道路重疊有點危險，有點被工作人員嚇到。
2021-05-26,5,服務態度很好！用餐環境佳！菜色讚
